[
	{
		"category": "System",
		"description": "Agent,\r\n\r\nwe need your skills! Foreign blonde agent Pamela forgot her laptop in the café and our agency got it. Unfortunately, all user files are encrypted with something called  `Advanced_Quantum_Prediction_Mk3` and we are not able to break it. \r\n\r\nHowever, Pamela has used an encryption application `Agency Secure Communicator` in the debug mode, which could leave useful traces. Analyse the event log and try to find some messages in plain text if possible.\r\n\r\nGood luck, Agent.",
		"files": [
			"3c6913153d19c97f5c387c98739a4571/asc.evtx"
		],
		"hidden": true,
		"hints": [],
		"id": 1,
		"max_attempts": 20,
		"name": "The Eventlog<br>(2<sup>nd</sup> Round)",
		"tags": [],
		"type": "standard",
		"type_data": {
			"id": "standard",
			"name": "standard",
			"scripts": {
				"create": "/plugins/challenges/assets/standard-challenge-create.js",
				"modal": "/plugins/challenges/assets/standard-challenge-modal.js",
				"update": "/plugins/challenges/assets/standard-challenge-update.js"
			},
			"templates": {
				"create": "/plugins/challenges/assets/standard-challenge-create.njk",
				"modal": "/plugins/challenges/assets/standard-challenge-modal.njk",
				"update": "/plugins/challenges/assets/standard-challenge-update.njk"
			}
		},
		"value": 3
	},
	{
		"category": "Crypto",
		"description": "This morning we got an anonymous tip - somebody dropped a USB drive into our mailbox without any additional information. The drive contained a single file. Your fellow agents have analyzed the rest of the drive and haven't found anything suspicious.\r\n\r\nIs this a red herring or could this mysterious file lead us somewhere? Our Crypto team suggested we put You on the case.\r\n\r\nAgent, do your best!",
		"files": [
			"6c1483cded4e87cd098af228143142b3/Groups.xml"
		],
		"hidden": true,
		"hints": [],
		"id": 10,
		"max_attempts": 20,
		"name": "An EaSy Challenge<br>(1<sup>st</sup> Round)",
		"tags": [],
		"type": "standard",
		"type_data": {
			"id": "standard",
			"name": "standard",
			"scripts": {
				"create": "/plugins/challenges/assets/standard-challenge-create.js",
				"modal": "/plugins/challenges/assets/standard-challenge-modal.js",
				"update": "/plugins/challenges/assets/standard-challenge-update.js"
			},
			"templates": {
				"create": "/plugins/challenges/assets/standard-challenge-create.njk",
				"modal": "/plugins/challenges/assets/standard-challenge-modal.njk",
				"update": "/plugins/challenges/assets/standard-challenge-update.njk"
			}
		},
		"value": 2
	},
	{
		"category": "System",
		"description": "Agent,\r\n\r\nthis is a mission of the upmost importance! Thanks to a badly configured firewall we have managed to infiltrate the Mission Control Center of the enemy. From there they are able to communicate with their massive satellite network - and now, so are we!\r\n\r\nWe are unable to give you direct access, but we will act as the middle man and relay any communication via our gateway, accessible at `challenges.thecatch.cz:10161`.\r\n\r\nThe initial analysis report has not yet come in, so we can't help you further. You need to figure out what protocol is in use.\r\n\r\nYou are to retrieve the security code which is being used to communicate with the satellite network. We will take it from there.\r\n\r\nBest of luck, Agent!",
		"files": [],
		"hidden": true,
		"hints": [],
		"id": 11,
		"max_attempts": 20,
		"name": "The Process<br>(2<sup>nd</sup> Round)",
		"tags": [],
		"type": "standard",
		"type_data": {
			"id": "standard",
			"name": "standard",
			"scripts": {
				"create": "/plugins/challenges/assets/standard-challenge-create.js",
				"modal": "/plugins/challenges/assets/standard-challenge-modal.js",
				"update": "/plugins/challenges/assets/standard-challenge-update.js"
			},
			"templates": {
				"create": "/plugins/challenges/assets/standard-challenge-create.njk",
				"modal": "/plugins/challenges/assets/standard-challenge-modal.njk",
				"update": "/plugins/challenges/assets/standard-challenge-update.njk"
			}
		},
		"value": 3
	},
	{
		"category": "System",
		"description": "Agent,\r\n\r\nthanks to our VEAL Team Six we have secured a device containing enemy intelligence. The device in question was a custom made laptop with military grade system protection. Shortly after securing this device, it self-destructed!\r\n\r\nLuckily, one of your fellow agents had performed a hardware-assisted memory dump shortly before the device went up in smoke. This means it may hold crucial enemy intelligence. It is paramount we get our hands on that information.\r\n\r\nYour task is to recover what you can from the memory dump.\r\n\r\n * URL: [https://owncloud.cesnet.cz/index.php/s/f4JtyxFqUJcWEH5](https://owncloud.cesnet.cz/index.php/s/f4JtyxFqUJcWEH5)\r\n * Password: `os_do_not_forget`\r\n\r\nBest of luck, Agent.",
		"files": [],
		"hidden": true,
		"hints": [],
		"id": 12,
		"max_attempts": 20,
		"name": "OS do not forget<br>(1<sup>st</sup> Round)",
		"tags": [],
		"type": "standard",
		"type_data": {
			"id": "standard",
			"name": "standard",
			"scripts": {
				"create": "/plugins/challenges/assets/standard-challenge-create.js",
				"modal": "/plugins/challenges/assets/standard-challenge-modal.js",
				"update": "/plugins/challenges/assets/standard-challenge-update.js"
			},
			"templates": {
				"create": "/plugins/challenges/assets/standard-challenge-create.njk",
				"modal": "/plugins/challenges/assets/standard-challenge-modal.njk",
				"update": "/plugins/challenges/assets/standard-challenge-update.njk"
			}
		},
		"value": 5
	},
	{
		"category": "System",
		"description": "Agent,\r\n\r\nyou have been assigned a new task. Thanks to our network monitoring probes we have detected a flood of ICMP packets. The purpose of these packets remains unknown. The sad news is that the packets were originating from our internal network! It appears there is a mole in our agency. Do not panic, everything is under control - we will find the double agent and he/she will be brought to fair justice.\r\n\r\nYou are to inspect these packets. If you find any sensitive data, report to us immediately!\r\n\r\nGodspeed, Agent.\r\n\r\nPS: In *completely unrelated* news - agent Maulwurf's status is KIA. Any more information is highly classified.",
		"files": [
			"6b8005d60addd5ab7059406016e05866/capture.zip"
		],
		"hidden": true,
		"hints": [],
		"id": 13,
		"max_attempts": 20,
		"name": "The Real Cloud<br>(2<sup>nd</sup> Round)",
		"tags": [],
		"type": "standard",
		"type_data": {
			"id": "standard",
			"name": "standard",
			"scripts": {
				"create": "/plugins/challenges/assets/standard-challenge-create.js",
				"modal": "/plugins/challenges/assets/standard-challenge-modal.js",
				"update": "/plugins/challenges/assets/standard-challenge-update.js"
			},
			"templates": {
				"create": "/plugins/challenges/assets/standard-challenge-create.njk",
				"modal": "/plugins/challenges/assets/standard-challenge-modal.njk",
				"update": "/plugins/challenges/assets/standard-challenge-update.njk"
			}
		},
		"value": 2
	},
	{
		"category": "Web",
		"description": "Agent,\r\n\r\nwe have discovered a service protected by a very peculiar CAPTCHA mechanism. If we can beat it using a computer, we might me able to enumerate the service and get a lot of information. That will take a lot of requests and we just don't have the manpower to do these CAPTCHAs by hand.\r\n\r\nTo pass the CAPTCHA you need to identify \"happy\" smiley faces. Then lookup their R, G and B color channels. For each channel, xor together the values of all \"happy\" smileys and present the results to the CAPTCHA mechanism.\r\n\r\nYou only get one try per image. Submit your results via POST or GET (whichever you like). Submit the values in decimal. Use parameters names of `r` (for the _red_ channel), `g` and `b`.\r\n\r\nThere is also a time limit present! You have up to 5 seconds to submit your answer.\r\n\r\n[http://challenges.thecatch.cz:10001/](http://challenges.thecatch.cz:10001/)\r\n\r\nGood luck, Agent",
		"files": [],
		"hidden": true,
		"hints": [],
		"id": 14,
		"max_attempts": 20,
		"name": "Happy CAPTCHA<br>(1<sup>st</sup> Round)",
		"tags": [],
		"type": "standard",
		"type_data": {
			"id": "standard",
			"name": "standard",
			"scripts": {
				"create": "/plugins/challenges/assets/standard-challenge-create.js",
				"modal": "/plugins/challenges/assets/standard-challenge-modal.js",
				"update": "/plugins/challenges/assets/standard-challenge-update.js"
			},
			"templates": {
				"create": "/plugins/challenges/assets/standard-challenge-create.njk",
				"modal": "/plugins/challenges/assets/standard-challenge-modal.njk",
				"update": "/plugins/challenges/assets/standard-challenge-update.njk"
			}
		},
		"value": 5
	},
	{
		"category": "Others",
		"description": "Agent,\r\n\r\nwe found a secret message in target's apartment. It looks like random pixels, but it reminds me something. Can you help us decode this?\r\n\r\nBest of luck, we relies on you Agent!",
		"files": [
			"4cbdb4b633678a45aa5c2c2157349eb6/Pixels.png"
		],
		"hidden": true,
		"hints": [],
		"id": 15,
		"max_attempts": 20,
		"name": "The Pixels<br>(1<sup>st</sup> Round)",
		"tags": [],
		"type": "standard",
		"type_data": {
			"id": "standard",
			"name": "standard",
			"scripts": {
				"create": "/plugins/challenges/assets/standard-challenge-create.js",
				"modal": "/plugins/challenges/assets/standard-challenge-modal.js",
				"update": "/plugins/challenges/assets/standard-challenge-update.js"
			},
			"templates": {
				"create": "/plugins/challenges/assets/standard-challenge-create.njk",
				"modal": "/plugins/challenges/assets/standard-challenge-modal.njk",
				"update": "/plugins/challenges/assets/standard-challenge-update.njk"
			}
		},
		"value": 1
	},
	{
		"category": "Others",
		"description": "You chased an enemy agent through the city, he has unfortunately escaped but lost his expensive jacket. You have noticed the jacket sews are quite irregular. Does it mean something or was is it just a crappy tailor?\r\n\r\n-.-. - .---- ---.. -....- -. ..--- ...-- .-- -....- .-. -.- -.. ----- -....- --.. ... ..--- --- -....- -..- -.-. . .--.\r\n\r\n",
		"files": [],
		"hidden": true,
		"hints": [],
		"id": 16,
		"max_attempts": 20,
		"name": "Two Symbols<br>(1<sup>st</sup> Round)",
		"tags": [],
		"type": "standard",
		"type_data": {
			"id": "standard",
			"name": "standard",
			"scripts": {
				"create": "/plugins/challenges/assets/standard-challenge-create.js",
				"modal": "/plugins/challenges/assets/standard-challenge-modal.js",
				"update": "/plugins/challenges/assets/standard-challenge-update.js"
			},
			"templates": {
				"create": "/plugins/challenges/assets/standard-challenge-create.njk",
				"modal": "/plugins/challenges/assets/standard-challenge-modal.njk",
				"update": "/plugins/challenges/assets/standard-challenge-update.njk"
			}
		},
		"value": 1
	},
	{
		"category": "Others",
		"description": "Agent,\r\nyou've just received an unexpected text message from an unknown number. The message says:\r\n\r\n7918dkcugZdrnTFw5CX2uvV1FjZB5x2E4\r\n\r\nIt can be either a secret code with the flag or tracking number of the new dishwasher that you just ordered.\r\n\r\ngo and find the truth!",
		"files": [],
		"hidden": true,
		"hints": [
			{
				"cost": 0,
				"id": 1
			}
		],
		"id": 17,
		"max_attempts": 20,
		"name": "Letters and Numbers<br>(1<sup>st</sup> Round)",
		"tags": [],
		"type": "standard",
		"type_data": {
			"id": "standard",
			"name": "standard",
			"scripts": {
				"create": "/plugins/challenges/assets/standard-challenge-create.js",
				"modal": "/plugins/challenges/assets/standard-challenge-modal.js",
				"update": "/plugins/challenges/assets/standard-challenge-update.js"
			},
			"templates": {
				"create": "/plugins/challenges/assets/standard-challenge-create.njk",
				"modal": "/plugins/challenges/assets/standard-challenge-modal.njk",
				"update": "/plugins/challenges/assets/standard-challenge-update.njk"
			}
		},
		"value": 1
	},
	{
		"category": "Others",
		"description": "",
		"files": [
			"2cf61567e012d42d310f883da1f3c054/crosswords.PNG"
		],
		"hidden": true,
		"hints": [],
		"id": 18,
		"max_attempts": 20,
		"name": "Crosswords<br>(1<sup>st</sup> Round)",
		"tags": [],
		"type": "standard",
		"type_data": {
			"id": "standard",
			"name": "standard",
			"scripts": {
				"create": "/plugins/challenges/assets/standard-challenge-create.js",
				"modal": "/plugins/challenges/assets/standard-challenge-modal.js",
				"update": "/plugins/challenges/assets/standard-challenge-update.js"
			},
			"templates": {
				"create": "/plugins/challenges/assets/standard-challenge-create.njk",
				"modal": "/plugins/challenges/assets/standard-challenge-modal.njk",
				"update": "/plugins/challenges/assets/standard-challenge-update.njk"
			}
		},
		"value": 3
	},
	{
		"category": "Others",
		"description": "Strange message found together with Q.R. \r\n\r\n\"HBSR-CCR2DC16-6X1FBU-NLWFIPTDHBH-FRLVA7G5SC3T18-V-EA2-CHT-YBY0VZ\r\n7TZE-NAUPOL8LG-P6VO6IDMFU6ZNWFX-LIBTOMHFLAZGSYCXDT-18NF-EWAMCHJ-\r\nS-O-SJMTBY8YKTE-H-INTFUNLL-3SMG6MVDOI-DCTG18OT-MREALKAC0ZH-B5YPI\r\nLTLE-INUFLASXILFI--XV4AXOLIZD4RLTK9O6P6U4FNABHKI7-2AJ6D-F3-UB296\"\r\n\r\n",
		"files": [
			"5d1871f85f99b018bf7013048ea204e1/Q.png"
		],
		"hidden": true,
		"hints": [],
		"id": 19,
		"max_attempts": 20,
		"name": "Quartermaster<br>(1<sup>st</sup> Round)",
		"tags": [],
		"type": "standard",
		"type_data": {
			"id": "standard",
			"name": "standard",
			"scripts": {
				"create": "/plugins/challenges/assets/standard-challenge-create.js",
				"modal": "/plugins/challenges/assets/standard-challenge-modal.js",
				"update": "/plugins/challenges/assets/standard-challenge-update.js"
			},
			"templates": {
				"create": "/plugins/challenges/assets/standard-challenge-create.njk",
				"modal": "/plugins/challenges/assets/standard-challenge-modal.njk",
				"update": "/plugins/challenges/assets/standard-challenge-update.njk"
			}
		},
		"value": 1
	},
	{
		"category": "Crypto",
		"description": "Agent, \r\n\r\nwe have intercepted a message send by foreign agent \"Colonel\" to his headquarter and it has to be deciphered.\r\n\r\nOur profiling team has discovered, that the nickname \"Colonel\" come from his obsession of the cipher used by some colonel in 19th century, probably named \"Roche\". Furthermore, he always choose day of the week as the cipher key.\r\n\r\nLet's hurry, Agent!",
		"files": [
			"a45db0d7e09b1b80a9007d306da177e6/encrypted.txt"
		],
		"hidden": true,
		"hints": [],
		"id": 2,
		"max_attempts": 20,
		"name": "The Colonel<br>(2<sup>nd</sup> Round)",
		"tags": [],
		"type": "standard",
		"type_data": {
			"id": "standard",
			"name": "standard",
			"scripts": {
				"create": "/plugins/challenges/assets/standard-challenge-create.js",
				"modal": "/plugins/challenges/assets/standard-challenge-modal.js",
				"update": "/plugins/challenges/assets/standard-challenge-update.js"
			},
			"templates": {
				"create": "/plugins/challenges/assets/standard-challenge-create.njk",
				"modal": "/plugins/challenges/assets/standard-challenge-modal.njk",
				"update": "/plugins/challenges/assets/standard-challenge-update.njk"
			}
		},
		"value": 2
	},
	{
		"category": "Reversing",
		"description": "Agent, \r\n'M' has received an email from Elbonia regarding peace conference scheduled for the next spring. Her antivirus didn't detect anything dangerous, but as she's a complete paranoiac, she requires you to investigate the attached document.  \r\nPw for the zipfile:infected\r\n\r\nThis message will self destruct in about 4 weeks!",
		"files": [
			"6642852cca0f3bc7f66f9ffd351fe399/fdsfhksdfafsadf_16575.zip"
		],
		"hidden": true,
		"hints": [],
		"id": 20,
		"max_attempts": 20,
		"name": "SpringPeace<br>(1<sup>st</sup> Round)",
		"tags": [],
		"type": "standard",
		"type_data": {
			"id": "standard",
			"name": "standard",
			"scripts": {
				"create": "/plugins/challenges/assets/standard-challenge-create.js",
				"modal": "/plugins/challenges/assets/standard-challenge-modal.js",
				"update": "/plugins/challenges/assets/standard-challenge-update.js"
			},
			"templates": {
				"create": "/plugins/challenges/assets/standard-challenge-create.njk",
				"modal": "/plugins/challenges/assets/standard-challenge-modal.njk",
				"update": "/plugins/challenges/assets/standard-challenge-update.njk"
			}
		},
		"value": 4
	},
	{
		"category": "Web",
		"description": "Agent,\r\nbefore you go on the another mission, read this file from our archive:\r\n\r\nFirst part is here:\r\n\r\nhttp://challenges.thecatch.cz/Scandal_1.html\r\n\r\nGood luck, Agent",
		"files": [],
		"hidden": true,
		"hints": [],
		"id": 21,
		"max_attempts": 20,
		"name": "Scandal I.<br>(1<sup>st</sup> Round)",
		"tags": [],
		"type": "standard",
		"type_data": {
			"id": "standard",
			"name": "standard",
			"scripts": {
				"create": "/plugins/challenges/assets/standard-challenge-create.js",
				"modal": "/plugins/challenges/assets/standard-challenge-modal.js",
				"update": "/plugins/challenges/assets/standard-challenge-update.js"
			},
			"templates": {
				"create": "/plugins/challenges/assets/standard-challenge-create.njk",
				"modal": "/plugins/challenges/assets/standard-challenge-modal.njk",
				"update": "/plugins/challenges/assets/standard-challenge-update.njk"
			}
		},
		"value": 1
	},
	{
		"category": "Web",
		"description": "Agent,\r\nbefore you go on the another mission, read this file from our archive:\r\n\r\nSecond part is here, but it's encrypted:\r\n\r\nhttp://challenges.thecatch.cz/Scandal_2.php\r\n\r\nGood luck, Agent",
		"files": [],
		"hidden": true,
		"hints": [],
		"id": 22,
		"max_attempts": 20,
		"name": "Scandal II.<br>(1<sup>st</sup> Round)",
		"tags": [],
		"type": "standard",
		"type_data": {
			"id": "standard",
			"name": "standard",
			"scripts": {
				"create": "/plugins/challenges/assets/standard-challenge-create.js",
				"modal": "/plugins/challenges/assets/standard-challenge-modal.js",
				"update": "/plugins/challenges/assets/standard-challenge-update.js"
			},
			"templates": {
				"create": "/plugins/challenges/assets/standard-challenge-create.njk",
				"modal": "/plugins/challenges/assets/standard-challenge-modal.njk",
				"update": "/plugins/challenges/assets/standard-challenge-update.njk"
			}
		},
		"value": 2
	},
	{
		"category": "Web",
		"description": "Agent,\r\nyou are in critical situation, you desperately need to connect to the network and send intel to our headquarters, but there is no LTE. The only way is to connect to encrypted wifi. Are you able to connect?\r\n\r\nThe login form is here:\r\n\r\nhttp://challenges.thecatch.cz/Wifi.php\r\n\r\nGood luck, Agent",
		"files": [],
		"hidden": true,
		"hints": [],
		"id": 23,
		"max_attempts": 20,
		"name": "WiFi<br>(1<sup>st</sup> Round)",
		"tags": [],
		"type": "standard",
		"type_data": {
			"id": "standard",
			"name": "standard",
			"scripts": {
				"create": "/plugins/challenges/assets/standard-challenge-create.js",
				"modal": "/plugins/challenges/assets/standard-challenge-modal.js",
				"update": "/plugins/challenges/assets/standard-challenge-update.js"
			},
			"templates": {
				"create": "/plugins/challenges/assets/standard-challenge-create.njk",
				"modal": "/plugins/challenges/assets/standard-challenge-modal.njk",
				"update": "/plugins/challenges/assets/standard-challenge-update.njk"
			}
		},
		"value": 1
	},
	{
		"category": "Web",
		"description": "Agent, \r\nyou have been temporarily assigned to navy command. Your next mission is to win the most crucial naval battle.You have to win at least 80 out of 100 matches to get the flag.\r\n\r\nBe careful, the naval drones system interface is still in early beta.\r\n\r\nnc challenges.thecatch.cz 8000\r\n\r\nThe bridge is yours, sir.",
		"files": [],
		"hidden": true,
		"hints": [],
		"id": 24,
		"max_attempts": 20,
		"name": "Naval Battle<br>(1<sup>st</sup> Round)",
		"tags": [],
		"type": "standard",
		"type_data": {
			"id": "standard",
			"name": "standard",
			"scripts": {
				"create": "/plugins/challenges/assets/standard-challenge-create.js",
				"modal": "/plugins/challenges/assets/standard-challenge-modal.js",
				"update": "/plugins/challenges/assets/standard-challenge-update.js"
			},
			"templates": {
				"create": "/plugins/challenges/assets/standard-challenge-create.njk",
				"modal": "/plugins/challenges/assets/standard-challenge-modal.njk",
				"update": "/plugins/challenges/assets/standard-challenge-update.njk"
			}
		},
		"value": 4
	},
	{
		"category": "Web",
		"description": "http://challenges.thecatch.cz/Cookie2.php",
		"files": [],
		"hidden": true,
		"hints": [],
		"id": 25,
		"max_attempts": 20,
		"name": "Cookie 2 <br>(2<sup>nd</sup> Round)",
		"tags": [],
		"type": "standard",
		"type_data": {
			"id": "standard",
			"name": "standard",
			"scripts": {
				"create": "/plugins/challenges/assets/standard-challenge-create.js",
				"modal": "/plugins/challenges/assets/standard-challenge-modal.js",
				"update": "/plugins/challenges/assets/standard-challenge-update.js"
			},
			"templates": {
				"create": "/plugins/challenges/assets/standard-challenge-create.njk",
				"modal": "/plugins/challenges/assets/standard-challenge-modal.njk",
				"update": "/plugins/challenges/assets/standard-challenge-update.njk"
			}
		},
		"value": 3
	},
	{
		"category": "Others",
		"description": "Hello Agent,\r\nwe investigate mysterious disappearance of famous hacker von Rhump-Zeiss. The only item we found in his office was his diary. On the last page we have found these numbers. Can you analyse them?\r\n\r\n84 104 101 32 102 108 97 103 32 105 115 32 67 84 49 56 45 68 50 78 103 45 78 106 107 97 45 85 120 74 115 45 80 107 55 104",
		"files": [],
		"hidden": false,
		"hints": [],
		"id": 26,
		"max_attempts": 0,
		"name": "Numbers<br> (Practice Challenge)",
		"tags": [],
		"type": "standard",
		"type_data": {
			"id": "standard",
			"name": "standard",
			"scripts": {
				"create": "/plugins/challenges/assets/standard-challenge-create.js",
				"modal": "/plugins/challenges/assets/standard-challenge-modal.js",
				"update": "/plugins/challenges/assets/standard-challenge-update.js"
			},
			"templates": {
				"create": "/plugins/challenges/assets/standard-challenge-create.njk",
				"modal": "/plugins/challenges/assets/standard-challenge-modal.njk",
				"update": "/plugins/challenges/assets/standard-challenge-update.njk"
			}
		},
		"value": 0
	},
	{
		"category": "Crypto",
		"description": "Hi agent, \r\nyour informer just brought a flag for you, but it looks a bit weird... `FW18-2RpT-edeZ-Io7g-wJ1c`\r\n\r\nCan you fix it?\r\n\r\n<i>Updated: bug has been fixed</i>",
		"files": [],
		"hidden": false,
		"hints": [],
		"id": 27,
		"max_attempts": 0,
		"name": "Almost OK<br> (Practice Challenge)",
		"tags": [],
		"type": "standard",
		"type_data": {
			"id": "standard",
			"name": "standard",
			"scripts": {
				"create": "/plugins/challenges/assets/standard-challenge-create.js",
				"modal": "/plugins/challenges/assets/standard-challenge-modal.js",
				"update": "/plugins/challenges/assets/standard-challenge-update.js"
			},
			"templates": {
				"create": "/plugins/challenges/assets/standard-challenge-create.njk",
				"modal": "/plugins/challenges/assets/standard-challenge-modal.njk",
				"update": "/plugins/challenges/assets/standard-challenge-update.njk"
			}
		},
		"value": 0
	},
	{
		"category": "Others",
		"description": "Hello agent,\r\n\r\nwe have penetrated the main server of extremists group and retrieved the hash of admin password. Are you able to recover the password? Maybe it would help us to read the encrypted file.\r\n\r\nThe hash is: `84d961568a65073a3bcf0eb216b2a576`\r\n",
		"files": [
			"137fe689ea765f78a4167c1be4c4ef49/Flag.zip"
		],
		"hidden": false,
		"hints": [],
		"id": 28,
		"max_attempts": 0,
		"name": "Hash<br> (Practice Challenge)",
		"tags": [],
		"type": "standard",
		"type_data": {
			"id": "standard",
			"name": "standard",
			"scripts": {
				"create": "/plugins/challenges/assets/standard-challenge-create.js",
				"modal": "/plugins/challenges/assets/standard-challenge-modal.js",
				"update": "/plugins/challenges/assets/standard-challenge-update.js"
			},
			"templates": {
				"create": "/plugins/challenges/assets/standard-challenge-create.njk",
				"modal": "/plugins/challenges/assets/standard-challenge-modal.njk",
				"update": "/plugins/challenges/assets/standard-challenge-update.njk"
			}
		},
		"value": 0
	},
	{
		"category": "Stego",
		"description": "Agent, \r\n\r\nwe have intercepted an e-mail containing strange image (a line of black&white pixels) and a short text saying \"The Smile of CESNET\". Find the hidden message.\r\n\r\nGood luck, Agent\r\n",
		"files": [
			"29795b6d3ba118d6de99e22600043d6a/message.png"
		],
		"hidden": false,
		"hints": [
			{
				"cost": 0,
				"hint": "The tale of CESNET logo is available on <a href=\"https://www.youtube.com/watch?v=iO3xGL3Zq-k&feature=youtu.be\">youtube.</a>",
				"id": 2
			}
		],
		"id": 3,
		"max_attempts": 20,
		"name": "The Smile of CESNET<br> (Practice Challenge)",
		"tags": [],
		"type": "standard",
		"type_data": {
			"id": "standard",
			"name": "standard",
			"scripts": {
				"create": "/plugins/challenges/assets/standard-challenge-create.js",
				"modal": "/plugins/challenges/assets/standard-challenge-modal.js",
				"update": "/plugins/challenges/assets/standard-challenge-update.js"
			},
			"templates": {
				"create": "/plugins/challenges/assets/standard-challenge-create.njk",
				"modal": "/plugins/challenges/assets/standard-challenge-modal.njk",
				"update": "/plugins/challenges/assets/standard-challenge-update.njk"
			}
		},
		"value": 0
	},
	{
		"category": "System",
		"description": "Agent, \r\n\r\nthe \"Nth element\" is codename used by foreign agent for some kind of secret data transfer. Today, we have caught the courier and seize a drive labeled `Sixth Element`. \r\n\r\nDownload the image, analyse it and get the secret message.\r\n* URL: <a href=\"https://owncloud.cesnet.cz/index.php/s/Itkz1zbREfBt4QJ\">https://owncloud.cesnet.cz/index.php/s/Itkz1zbREfBt4QJ</a>\r\n* Password: `sixth_element`\r\n\r\nGood luck, Agent",
		"files": [],
		"hidden": true,
		"hints": [],
		"id": 4,
		"max_attempts": 20,
		"name": "Sixth Element<br>(2<sup>nd</sup> Round)",
		"tags": [],
		"type": "standard",
		"type_data": {
			"id": "standard",
			"name": "standard",
			"scripts": {
				"create": "/plugins/challenges/assets/standard-challenge-create.js",
				"modal": "/plugins/challenges/assets/standard-challenge-modal.js",
				"update": "/plugins/challenges/assets/standard-challenge-update.js"
			},
			"templates": {
				"create": "/plugins/challenges/assets/standard-challenge-create.njk",
				"modal": "/plugins/challenges/assets/standard-challenge-modal.njk",
				"update": "/plugins/challenges/assets/standard-challenge-update.njk"
			}
		},
		"value": 3
	},
	{
		"category": "Reversing",
		"description": "Agent,\r\n\r\nthe access to secret datacentre is protected by hardware terminal requiring password. We have acquired the code used by this terminal by social engineering. Try to find out if the password can be retrived from the code.\r\n\r\nHurry, Agent",
		"files": [
			"f11e7f15f8c2f52dc4206300d680c8d7/access_validator.vbs"
		],
		"hidden": true,
		"hints": [],
		"id": 5,
		"max_attempts": 20,
		"name": "The Access Validator<br>(2<sup>nd</sup> Round)",
		"tags": [],
		"type": "standard",
		"type_data": {
			"id": "standard",
			"name": "standard",
			"scripts": {
				"create": "/plugins/challenges/assets/standard-challenge-create.js",
				"modal": "/plugins/challenges/assets/standard-challenge-modal.js",
				"update": "/plugins/challenges/assets/standard-challenge-update.js"
			},
			"templates": {
				"create": "/plugins/challenges/assets/standard-challenge-create.njk",
				"modal": "/plugins/challenges/assets/standard-challenge-modal.njk",
				"update": "/plugins/challenges/assets/standard-challenge-update.njk"
			}
		},
		"value": 3
	},
	{
		"category": "Stego",
		"description": "Agent, \r\n\r\na list of coordinates was quietly downloaded from car navigation, which  belongs to agent \"Traveler\". Our psychotronic department believes that some message is encoded in it. Try to find it.\r\n\r\nGood luck, Agent",
		"files": [
			"f57c89b4fb2ec68cdea6400776290660/message.txt"
		],
		"hidden": true,
		"hints": [],
		"id": 6,
		"max_attempts": 20,
		"name": "Tracing the Traveler<br>(2<sup>nd</sup> Round)",
		"tags": [],
		"type": "standard",
		"type_data": {
			"id": "standard",
			"name": "standard",
			"scripts": {
				"create": "/plugins/challenges/assets/standard-challenge-create.js",
				"modal": "/plugins/challenges/assets/standard-challenge-modal.js",
				"update": "/plugins/challenges/assets/standard-challenge-update.js"
			},
			"templates": {
				"create": "/plugins/challenges/assets/standard-challenge-create.njk",
				"modal": "/plugins/challenges/assets/standard-challenge-modal.njk",
				"update": "/plugins/challenges/assets/standard-challenge-update.njk"
			}
		},
		"value": 2
	},
	{
		"category": "System",
		"description": "Agent, \r\n\r\nwe have obtained a network traffic capture, which was recorded at enemy headquarter. At that time, one of the foreign agents (we suppose it was agent \"Mc Pew\") connect his device to the network. \r\n\r\nAnalyse the traffic and try to find any usefull information.\r\n\r\nGood luck, Agent",
		"files": [
			"aa2a200907b9adccfcf842713e685387/dhcp.pcap.gz"
		],
		"hidden": true,
		"hints": [],
		"id": 7,
		"max_attempts": 20,
		"name": "The Transmission<br>(1<sup>st</sup> Round)",
		"tags": [],
		"type": "standard",
		"type_data": {
			"id": "standard",
			"name": "standard",
			"scripts": {
				"create": "/plugins/challenges/assets/standard-challenge-create.js",
				"modal": "/plugins/challenges/assets/standard-challenge-modal.js",
				"update": "/plugins/challenges/assets/standard-challenge-update.js"
			},
			"templates": {
				"create": "/plugins/challenges/assets/standard-challenge-create.njk",
				"modal": "/plugins/challenges/assets/standard-challenge-modal.njk",
				"update": "/plugins/challenges/assets/standard-challenge-update.njk"
			}
		},
		"value": 3
	},
	{
		"category": "System",
		"description": "Agent,\r\n\r\nthe foreign agents sometimes needs to evacuate (due to injury or disclosure) and they need to provide proper password at proper place to authorise the evacuation.\r\n\r\nRecently, we have acquired the instruction, how the agents should do it, but it does not make sense at the first sight:\r\n```\r\nWanna stay alive forever? \r\ncheck.infinite.thecatch.cz\r\ndustoff.infinite.thecatch.cz\r\n\r\n```\r\nFind the sense of the message.\r\n\r\nGood luck, Agent",
		"files": [],
		"hidden": true,
		"hints": [],
		"id": 8,
		"max_attempts": 20,
		"name": "Dust Off<br>(1<sup>st</sup> Round)",
		"tags": [],
		"type": "standard",
		"type_data": {
			"id": "standard",
			"name": "standard",
			"scripts": {
				"create": "/plugins/challenges/assets/standard-challenge-create.js",
				"modal": "/plugins/challenges/assets/standard-challenge-modal.js",
				"update": "/plugins/challenges/assets/standard-challenge-update.js"
			},
			"templates": {
				"create": "/plugins/challenges/assets/standard-challenge-create.njk",
				"modal": "/plugins/challenges/assets/standard-challenge-modal.njk",
				"update": "/plugins/challenges/assets/standard-challenge-update.njk"
			}
		},
		"value": 4
	},
	{
		"category": "Stego",
		"description": "Agent,\r\n\r\nthe attached message has been detected during border control and copied for further analysis. The border clerk supposes it is list of targets of terrorist attack, but most of the GPS coordinates point to abandoned places, oceans, etc. \r\n\r\nAnalyse the message and try to find its sense (probably hidding a message).\r\n\r\nGood luck, Agent",
		"files": [
			"2bdc88e727b87c72ba970127614bccaf/targets.txt"
		],
		"hidden": true,
		"hints": [],
		"id": 9,
		"max_attempts": 20,
		"name": "The Targets<br>(2<sup>nd</sup> Round)",
		"tags": [],
		"type": "standard",
		"type_data": {
			"id": "standard",
			"name": "standard",
			"scripts": {
				"create": "/plugins/challenges/assets/standard-challenge-create.js",
				"modal": "/plugins/challenges/assets/standard-challenge-modal.js",
				"update": "/plugins/challenges/assets/standard-challenge-update.js"
			},
			"templates": {
				"create": "/plugins/challenges/assets/standard-challenge-create.njk",
				"modal": "/plugins/challenges/assets/standard-challenge-modal.njk",
				"update": "/plugins/challenges/assets/standard-challenge-update.njk"
			}
		},
		"value": 2
	}
]
